Title,Channel,Published,UploadYear,Category
The Gummy Bear Song - Long English Version,icanrockyourworld,09-10-2007,2007,Non-Musical
Numb [Official Music Video] - Linkin Park,Linkin Park,05-03-2007,2007,Musical
Osito Gominola - Full Spanish Version - The Gummy Bear Song,icanrockyourworld,16-10-2007,2007,Non-Musical
Queen – Bohemian Rhapsody (Official Video Remastered),Queen Official,01-08-2008,2008,Musical
Katy Perry - Hot N Cold (Official),KatyPerryVEVO,14-10-2008,2008,Musical
Crazy Frog - Axel F (Official Video),Crazy Frog,17-06-2009,2009,Musical
Guns N' Roses - November Rain,GunsNRosesVEVO,25-12-2009,2009,Musical
Lady Gaga - Bad Romance (Official Music Video),LadyGagaVEVO,24-11-2009,2009,Musical
Nirvana - Smells Like Teen Spirit (Official Music Video),NirvanaVEVO,16-06-2009,2009,Musical
Guns N' Roses - Sweet Child O' Mine (Official Music Video),GunsNRosesVEVO,25-12-2009,2009,Musical
In The End [Official HD Music Video] - Linkin Park,Linkin Park,26-10-2009,2009,Musical
Taylor Swift - You Belong With Me,TaylorSwiftVEVO,16-06-2009,2009,Musical
50 Cent - In Da Club (Official Music Video),50CentVEVO,16-06-2009,2009,Musical
Beyoncé - Halo,BeyoncéVEVO,03-10-2009,2009,Musical
Eminem - Without Me (Official Music Video),EminemVEVO,16-06-2009,2009,Musical
The Cranberries - Zombie (Official Music Video),TheCranberriesVEVO,16-06-2009,2009,Musical
System Of A Down - Chop Suey! (Official Video),systemofadownVEVO,03-10-2009,2009,Musical
Michael Jackson - Billie Jean (Official Video),michaeljacksonVEVO,03-10-2009,2009,Musical
Bon Jovi - It's My Life (Official Music Video),Bon Jovi,17-06-2009,2009,Musical
Nelly - Dilemma (Official Music Video) ft. Kelly Rowland,NellyVEVO,06-10-2009,2009,Musical
Shakira - Waka Waka (This Time for Africa) (The Official 2010 FIFA World Cup™ Song),shakiraVEVO,04-06-2010,2010,Musical
Justin Bieber - Baby (Official Music Video) ft. Ludacris,JustinBieberVEVO,19-02-2010,2010,Musical
Eminem - Love The Way You Lie ft. Rihanna,EminemVEVO,05-08-2010,2010,Musical
Adele - Rolling in the Deep (Official Music Video),AdeleVEVO,30-11-2010,2010,Musical
Twinkle Twinkle Little Star,Super Simple Songs - Kids Songs,05-09-2010,2010,Non-Musical
Bruno Mars - Just The Way You Are (Official Music Video),Bruno Mars,08-09-2010,2010,Musical
Eminem - Not Afraid (Official Video),EminemVEVO,05-06-2010,2010,Musical
Katy Perry - Firework (Official Music Video),KatyPerryVEVO,28-10-2010,2010,Musical
a-ha - Take On Me (Official Video) [Remastered in 4K],a-ha,06-01-2010,2010,Musical
Don Omar - Danza Kuduro ft. Lucenzo,DonOmarVEVO,11-08-2010,2010,Musical
Whitney Houston - I Will Always Love You (Official 4K Video),whitneyhoustonVEVO,28-09-2010,2010,Musical
"OFFICIAL Somewhere over the Rainbow - Israel ""IZ"" Kamakawiwoʻole",Mountain Apple Company Inc,12-04-2010,2010,Musical
Bruno Mars - Grenade (Official Music Video),Bruno Mars,22-11-2010,2010,Musical
Justin Bieber - Never Say Never (Official Music Video) ft. Jaden Smith,JustinBieberVEVO,27-05-2010,2010,Musical
Bruno Mars - The Lazy Song (Official Music Video),Bruno Mars,15-04-2011,2011,Musical
"LMFAO ft. Lauren Bennett, GoonRock - Party Rock Anthem (Official Video)",LMFAOVEVO,09-03-2011,2011,Musical
Christina Perri - A Thousand Years [Official Music Video],Christina Perri,26-10-2011,2011,Musical
"हनुमान चालीसा Hanuman Chalisa I GULSHAN KUMAR I HARIHARAN, Full HD Video I Shree Hanuman Chalisa",T-Series Bhakti Sagar,10-05-2011,2011,Non-Musical
Jennifer Lopez - On The Floor ft. Pitbull,JenniferLopezVEVO,04-03-2011,2011,Musical
Adele - Someone Like You (Official Music Video),AdeleVEVO,29-09-2011,2011,Musical
Gotye - Somebody That I Used To Know (feat. Kimbra) [Official Music Video],gotyemusic,05-07-2011,2011,Musical
David Guetta - Titanium ft. Sia (Official Video),David Guetta,21-12-2011,2011,Musical
Coldplay - Paradise (Official Video),Coldplay,19-10-2011,2011,Musical
Katy Perry - Last Friday Night (T.G.I.F.) (Official Music Video),KatyPerryVEVO,12-06-2011,2011,Musical
Pollito Amarillito ORIGINAL - Gallina Pintadita 1 - Oficial - Canciones infantiles,Gallina Pintadita,10-08-2011,2011,Non-Musical
One Direction - What Makes You Beautiful (Official Video),OneDirectionVEVO,19-08-2011,2011,Musical
Mariposita ORIGINAL - Gallina Pintadita 2 - Oficial - Canciones infantiles para niños y bebés,Gallina Pintadita,18-08-2011,2011,Non-Musical
3yo William Diving down to get his 'Toypedo' torpedo,STWill2011,09-04-2011,2011,Non-Musical
Pitbull - Rain Over Me ft. Marc Anthony,PitbullVEVO,22-07-2011,2011,Musical
4 Non Blondes - What's Up (Official Music Video),4NonBlondesVEVO,23-02-2011,2011,Musical
Michel Teló - Ai Se Eu Te Pego - Video Oficial (Assim você me mata),Michel Teló,25-07-2011,2011,Musical
Маша и Медведь (Masha and The Bear) - Маша плюс каша (17 Серия),Get Movies,31-01-2012,2012,Non-Musical
PSY - GANGNAM STYLE(강남스타일) M/V,officialpsy,15-07-2012,2012,Musical
Passenger | Let Her Go (Official Video),Passenger,25-07-2012,2012,Musical
Rihanna - Diamonds,RihannaVEVO,09-11-2012,2012,Musical
"Sesame Street: Healthy Teeth, Healthy Me: Brushy Brush PSA",Sesame Street,01-03-2012,2012,Non-Musical
MACKLEMORE & RYAN LEWIS - THRIFT SHOP FEAT. WANZ (OFFICIAL VIDEO),Macklemore LLC,29-08-2012,2012,Musical
PULCINO PIO - El Pollito Pio (Official video),PULCINO PIO,29-11-2012,2012,Musical
Маша и Медведь (Masha and The Bear) - Приятного аппетита (24 Серия),Get Movies,21-09-2012,2012,Non-Musical
Carly Rae Jepsen - Call Me Maybe,CarlyRaeJepsenVEVO,01-03-2012,2012,Musical
Imagine Dragons - Radioactive,ImagineDragonsVEVO,10-12-2012,2012,Musical
Dona Aranha - Galinha Pintadinha 3 - OFICIAL,Galinha Pintadinha,18-07-2012,2012,Non-Musical
Маша и Медведь (Masha and The Bear) - Большая стирка (18 Серия),Get Movies,31-01-2012,2012,Non-Musical
Daddy Yankee - Limbo (Video Oficial),DaddyYankeeVEVO,27-10-2012,2012,Musical
Katy Perry - Roar (Official),KatyPerryVEVO,05-09-2013,2013,Musical
OneRepublic - Counting Stars (Official Music Video),OneRepublicVEVO,31-05-2013,2013,Musical
Old MacDonald Had a Farm - Kids nursery rhymes,Bounce Patrol - Kids Songs,12-11-2013,2013,Non-Musical
Avicii - Wake Me Up (Official Video),AviciiOfficialVEVO,29-07-2013,2013,Musical
MAGIC! - Rude (Official Video),ournameismagicVEVO,06-12-2013,2013,Musical
John Legend - All of Me (Official Video),johnlegendVEVO,02-10-2013,2013,Musical
Romeo Santos - Propuesta Indecente (Official Video),RomeoSantosVEVO,09-09-2013,2013,Musical
Martin Garrix - Animals (Official Video),Spinnin' Records,17-06-2013,2013,Musical
Ellie Goulding - Burn (Official Video),EllieGouldingVEVO,07-07-2013,2013,Musical
PSY - GENTLEMAN M/V,officialpsy,13-04-2013,2013,Musical
Pitbull - Timber ft. Ke$ha,PitbullVEVO,25-11-2013,2013,Musical
P!nk - Just Give Me A Reason ft. Nate Ruess,PinkVEVO,05-02-2013,2013,Musical
Prince Royce - Darte un Beso,PrinceRoyceVEVO,20-08-2013,2013,Musical
Eminem - Rap God (Explicit),EminemVEVO,27-11-2013,2013,Musical
Finger Family Collection - 7 Finger Family Songs - Daddy Finger Nursery Rhymes,Videogyan Nursery Rhymes - Kids Songs & Cartoons,30-10-2013,2013,Non-Musical
Arctic Monkeys - Do I Wanna Know? (Official Video),Official Arctic Monkeys,19-06-2013,2013,Musical
Miley Cyrus - Wrecking Ball (Official Video),MileyCyrusVEVO,09-09-2013,2013,Musical
Pharrell Williams - Happy (Official Music Video),iamOTHER,22-11-2013,2013,Musical
Naughty Boy - La la la ft. Sam Smith (Official Video),NaughtyBoyVEVO,18-04-2013,2013,Musical
"David Guetta - Play Hard ft. Ne-Yo, Akon (Official Video)",David Guetta,22-04-2013,2013,Musical
Bruno Mars - When I Was Your Man (Official Music Video),Bruno Mars,05-02-2013,2013,Musical
Ylvis - The Fox (What Does The Fox Say?) [Official music video HD],discovery plus Norge,03-09-2013,2013,Musical
Marc Anthony - Vivir Mi Vida (Official Video),marcanthonyVEVO,10-09-2013,2013,Musical
Mark Ronson - Uptown Funk (Official Video) ft. Bruno Mars,MarkRonsonVEVO,19-11-2014,2014,Musical
Phonics Song with TWO Words - A For Apple - ABC Alphabet Songs with Sounds for Children,ChuChu TV Nursery Rhymes & Kids Songs,06-03-2014,2014,Non-Musical
Ed Sheeran - Thinking Out Loud (Official Music Video),Ed Sheeran,07-10-2014,2014,Musical
Katy Perry - Dark Horse (Official) ft. Juicy J,KatyPerryVEVO,20-02-2014,2014,Musical
Taylor Swift - Shake It Off,TaylorSwiftVEVO,18-08-2014,2014,Musical
"Enrique Iglesias - Bailando ft. Descemer Bueno, Gente De Zona (Español)",EnriqueIglesiasVEVO,11-04-2014,2014,Musical
Taylor Swift - Blank Space,TaylorSwiftVEVO,10-11-2014,2014,Musical
FROZEN | Let It Go Sing-along | Official Disney UK,Disney UK,30-01-2014,2014,Non-Musical
Meghan Trainor - All About That Bass,MeghanTrainorVEVO,11-06-2014,2014,Musical
Wheels On The Bus | Nursery Rhymes for Babies | Learn with Little Baby Bum | ABCs and 123s,Little Baby Bum - Nursery Rhymes & Kids Songs,09-08-2014,2014,Non-Musical
Sia - Chandelier (Official Video),SiaVEVO,06-05-2014,2014,Musical
I WANT SUMO | Doritos Commercial,bbosley,07-11-2014,2014,Non-Musical
Johny Johny Yes Papa and Many More Videos | Popular Nursery Rhymes Collection by ChuChu TV,ChuChu TV Nursery Rhymes & Kids Songs,14-11-2014,2014,Non-Musical
J. Balvin - Ay Vamos (Official Video),jbalvinVEVO,29-08-2014,2014,Musical
"Jessie J, Ariana Grande, Nicki Minaj - Bang Bang (Official Video)",JessieJVEVO,26-08-2014,2014,Musical
ChuChu TV Numbers Song - NEW Short Version - Number Rhymes For Children,ChuChu TV Nursery Rhymes & Kids Songs,21-08-2014,2014,Non-Musical
Calvin Harris - Summer (Official Video),CalvinHarrisVEVO,06-04-2014,2014,Musical
El Gallo y la Pata - Canciones de la Granja de Zenón 2,El Reino Infantil,15-03-2014,2014,Musical
Sam Smith - I'm Not The Only One (Official Video),SamSmithVEVO,01-08-2014,2014,Non-Musical
Ariana Grande ft. Iggy Azalea - Problem (Official Video),ArianaGrandeVevo,30-05-2014,2014,Musical
AronChupa - I'm an Albatraoz | OFFICIAL VIDEO,AronChupaVEVO,13-10-2014,2014,Musical
La Vaca Lola - Canciones de La Granja de Zenón 2,El Reino Infantil,12-04-2014,2014,Musical
Shakira - La La La (Brazil 2014) ft. Carlinhos Brown,shakiraVEVO,22-05-2014,2014,Musical
Mascha und der Bär - Folge 2: Das Mascha Speziale,EUROPA Kinderprogramm,15-07-2014,2014,Non-Musical
ABC SONG | ABC Songs for Children - 13 Alphabet Songs & 26 Videos,Cocomelon - Nursery Rhymes,01-05-2014,2014,Non-Musical
Shakira - Can't Remember to Forget You (Official Video) ft. Rihanna,shakiraVEVO,31-01-2014,2014,Musical
Rahat Fateh Ali Khan - Zaroori Tha,RahatFAKhanVEVO,09-06-2014,2014,Musical
Ariana Grande - Break Free ft. Zedd,ArianaGrandeVevo,13-08-2014,2014,Musical
J Balvin - 6 AM ft. Farruko (Official Video),jbalvinVEVO,04-04-2014,2014,Musical
Enrique Iglesias - El Perdedor (Pop) ft. Marco Antonio Solís,EnriqueIglesiasVEVO,20-01-2014,2014,Musical
Sam Smith - Stay With Me (Official Video),SamSmithVEVO,28-03-2014,2014,Musical
"Chris Brown - Loyal (Official Video) ft. Lil Wayne, Tyga",ChrisBrownVEVO,24-03-2014,2014,Musical
Los Ángeles Azules - Mis Sentimientos ft. Ximena Sariñana (Live),LosAngelesAzulesVEVO,01-08-2014,2014,Musical
"DJ Snake, Lil Jon - Turn Down for What",DJSnakeVEVO,14-03-2014,2014,Musical
Travesuras - Nicky Jam | Video Oficial,NickyJamTV,03-07-2014,2014,Musical
Iggy Azalea - Fancy ft. Charli XCX (Official Music Video),iggyazaleamusicVEVO,04-03-2014,2014,Musical
Five Little Ducks | Learn with Little Baby Bum | Nursery Rhymes for Babies | ABCs and 123s,Little Baby Bum - Nursery Rhymes & Kids Songs,24-10-2014,2014,Non-Musical
Nicki Minaj - Anaconda,NickiMinajAtVEVO,20-08-2014,2014,Musical
Wiz Khalifa - See You Again ft. Charlie Puth [Official Video] Furious 7 Soundtrack,Wiz Khalifa,07-04-2015,2015,Musical
Maroon 5 - Sugar (Official Music Video),Maroon5VEVO,14-01-2015,2015,Musical
Justin Bieber - Sorry (PURPOSE : The Movement),JustinBieberVEVO,22-10-2015,2015,Musical
Alan Walker - Faded,Alan Walker,04-12-2015,2015,Musical
Major Lazer & DJ Snake - Lean On (feat. MØ) (Official Music Video),Major Lazer Official,23-03-2015,2015,Musical
Adele - Hello,AdeleVEVO,23-10-2015,2015,Musical
twenty one pilots: Stressed Out [OFFICIAL VIDEO],Fueled By Ramen,28-04-2015,2015,Musical
Ellie Goulding - Love Me Like You Do (Official Video),EllieGouldingVEVO,22-01-2015,2015,Musical
Justin Bieber - What Do You Mean? (Official Music Video),JustinBieberVEVO,31-08-2015,2015,Musical
Fifth Harmony - Worth It (Official Video) ft. Kid Ink,FifthHarmonyVEVO,28-03-2015,2015,Musical
Silentó - Watch Me (Whip/Nae Nae) (Official),SilentoVEVO,25-06-2015,2015,Musical
Drake - Hotline Bling,DrakeVEVO,26-10-2015,2015,Musical
The Weeknd - The Hills (Official Video),TheWeekndVEVO,27-05-2015,2015,Musical
Justin Bieber - Love Yourself (Official Music Video),JustinBieberVEVO,14-11-2015,2015,Musical
"David Guetta - Hey Mama (Official Video) ft Nicki Minaj, Bebe Rexha & Afrojack",David Guetta,19-05-2015,2015,Musical
Calvin Harris & Disciples - How Deep Is Your Love,CalvinHarrisVEVO,06-08-2015,2015,Musical
Taylor Swift - Bad Blood ft. Kendrick Lamar,TaylorSwiftVEVO,18-05-2015,2015,Musical
Surprise Eggs Nursery Rhymes | Old MacDonald Had A Farm | Learn Colours & Farm Animals | ChuChu TV,ChuChu TV Nursery Rhymes & Kids Songs,22-09-2015,2015,Non-Musical
Shawn Mendes - Stitches (Official Video),ShawnMendesVEVO,25-06-2015,2015,Musical
Gente de Zona - La Gozadera (Official Video) ft. Marc Anthony,GenteDeZonaVEVO,05-06-2015,2015,Musical
21. El Perdón - Nicky Jam y Enrique Iglesias [Official Music Video YTMAs],NickyJamTV,23-03-2015,2015,Musical
Joey Montana - Picky,JoeyMontanaVEVO,29-06-2015,2015,Musical
Ricky Martin - La Mordidita (Official Video) ft. Yotuel,RickyMartinVEVO,12-06-2015,2015,Musical
Coldplay - Adventure Of A Lifetime (Official Video),Coldplay,29-11-2015,2015,Musical
The Weeknd - Can't Feel My Face (Official Video),TheWeekndVEVO,29-07-2015,2015,Musical
Ten Little Buses - From Wheels On The Bus | Little Baby Bum - Nursery Rhymes for Kids,Little Baby Bum - Nursery Rhymes & Kids Songs,20-05-2015,2015,Non-Musical
"Skrillex and Diplo - ""Where Are Ü Now"" with Justin Bieber (Official Video)",Jack Ü,29-06-2015,2015,Musical
Sia - Elastic Heart feat. Shia LaBeouf & Maddie Ziegler (Official Video),SiaVEVO,07-01-2015,2015,Musical
HA-ASH - Lo Aprendí de Ti (Primera Fila - Hecho Realidad [En Vivo]),HaAshVEVO,06-03-2015,2015,Musical
twenty one pilots - Ride (Official Video),twenty one pilots,13-05-2015,2015,Musical
Lukas Graham - 7 Years [Official Music Video],Lukas Graham,15-12-2015,2015,Musical
Ed Sheeran - Photograph (Official Music Video),Ed Sheeran,10-05-2015,2015,Musical
OMI - Cheerleader (Felix Jaehn Remix) [Official Video],Ultra Music,08-04-2015,2015,Musical
Wheels On The Bus | Part 8 | Learn with Little Baby Bum | Nursery Rhymes for Babies | ABCs and 123s,Little Baby Bum - Nursery Rhymes & Kids Songs,22-07-2015,2015,Non-Musical
Eminem - Lose Yourself [HD],msvogue23,07-08-2015,2015,Musical
GIANT Lightning McQueen Egg Surprise with 100+ Disney Cars Toys,Ryan's World,01-07-2015,2015,Non-Musical
The Finger Family Song | ChuChu TV Nursery Rhymes & Songs For Children,ChuChu TV Nursery Rhymes & Kids Songs,20-03-2015,2015,Non-Musical
Chino & Nacho - Me Voy Enamorando ft. Farruko (Remix) (Official Music Video),ChinoNachoVEVO,07-05-2015,2015,Musical
Maluma - Borro Cassette (Official Video),MalumaVEVO,28-08-2015,2015,Musical
Baby Shark Dance | #babyshark Most Viewed Video | Animal Songs | PINKFONG Songs for Children,Pinkfong! Kids' Songs & Stories,17-06-2016,2016,Non-Musical
Johny Johny Yes Papa 👶 THE BEST Song for Children | LooLoo Kids,LooLoo Kids - Nursery Rhymes and Children's Songs,08-10-2016,2016,Non-Musical
The Chainsmokers - Closer (Lyric) ft. Halsey,ChainsmokersVEVO,29-07-2016,2016,Musical
Charlie Puth - We Don't Talk Anymore (feat. Selena Gomez) [Official Video],Charlie Puth,02-08-2016,2016,Musical
Shakira - Chantaje (Official Video) ft. Maluma,shakiraVEVO,18-11-2016,2016,Musical
Clean Bandit - Rockabye (feat. Sean Paul & Anne-Marie) [Official Video],Clean Bandit,21-10-2016,2016,Musical
Calvin Harris - This Is What You Came For (Official Video) ft. Rihanna,CalvinHarrisVEVO,17-06-2016,2016,Musical
Fifth Harmony - Work from Home (Official Video) ft. Ty Dolla $ign,FifthHarmonyVEVO,26-02-2016,2016,Musical
Shawn Mendes - Treat You Better,ShawnMendesVEVO,12-07-2016,2016,Musical
Marshmello - Alone (Official Music Video),Marshmello,02-07-2016,2016,Musical
HUGE EGGS Surprise Toys Challenge with Inflatable water slide,Ryan's World,13-04-2016,2016,Non-Musical
LA VACA LOLA canciones infantiles,toycantando,13-04-2016,2016,Musical
This Is The Way | Kids Songs | Super Simple Songs,Super Simple Songs - Kids Songs,08-06-2016,2016,Non-Musical
Ariana Grande ft. Nicki Minaj - Side To Side (Official Video) ft. Nicki Minaj,ArianaGrandeVevo,30-08-2016,2016,Musical
The Weeknd - Starboy ft. Daft Punk (Official Video),TheWeekndVEVO,28-09-2016,2016,Musical
The Chainsmokers - Don't Let Me Down (Official Video) ft. Daya,ChainsmokersVEVO,29-04-2016,2016,Musical
Ricky Martin - Vente Pa' Ca (Official Video) ft. Maluma,RickyMartinVEVO,22-09-2016,2016,Musical
twenty one pilots: Heathens (from Suicide Squad: The Album) [OFFICIAL VIDEO],Fueled By Ramen,21-06-2016,2016,Musical
CNCO - Reggaetón Lento (Bailemos),CNCOVEVO,07-10-2016,2016,Musical
Sia - Cheap Thrills (Lyric Video) ft. Sean Paul,SiaVEVO,11-02-2016,2016,Musical
Chino y Nacho - Andas En Mi Cabeza ft. Daddy Yankee (Video Oficial),ChinoNachoVEVO,20-04-2016,2016,Musical
Daddy Yankee - Shaky Shaky (Video Oficial),Daddy Yankee,15-07-2016,2016,Musical
22. Hasta el Amanecer - Nicky Jam | Video Oficial,NickyJamTV,15-01-2016,2016,Musical
Danny Ocean - Me Rehúso (Official Audio),Danny Ocean,18-09-2016,2016,Musical
Coldplay - Hymn For The Weekend (Official Video),Coldplay,29-01-2016,2016,Musical
"Carlos Vives, Shakira - La Bicicleta",CarlosVivesVEVO,08-07-2016,2016,Musical
"CAN'T STOP THE FEELING! (From DreamWorks Animation's ""Trolls"") (Official Video)",justintimberlakeVEVO,17-05-2016,2016,Musical
Bruno Mars - 24K Magic (Official Music Video),Bruno Mars,07-10-2016,2016,Musical
Mike Posner - I Took A Pill In Ibiza (Seeb Remix) (Explicit),MikePosnerVEVO,27-02-2016,2016,Musical
Rag'n'Bone Man - Human (Official Video),RagnBoneManVEVO,21-07-2016,2016,Musical
Hindi : Nani Teri Morni Ko Mor Le Gaye (नानी तेरी मोरनी),Jingle Toons,11-03-2016,2016,Non-Musical
James Arthur - Say You Won't Let Go,JamesAVEVO,09-09-2016,2016,Musical
Biper y sus Amigos - El Patito Juan,Biper y sus Amigos,04-11-2016,2016,Non-Musical
Maluma - El Perdedor (Official Video),MalumaVEVO,22-04-2016,2016,Musical
BLACKPINK - '붐바야'(BOOMBAYAH) M/V,BLACKPINK,08-08-2016,2016,Musical
�� Five Little Ducks 🦆 THE BEST Song for Children | LooLoo Kids,LooLoo Kids - Nursery Rhymes and Children's Songs,12-10-2016,2016,Non-Musical
Rihanna - Work (Explicit) ft. Drake,RihannaVEVO,22-02-2016,2016,Musical
Alan Walker - Alone,Alan Walker,02-12-2016,2016,Musical
MC Kevinho - Olha a Explosão (KondZilla) | Official Music Video,Canal KondZilla,26-12-2016,2016,Musical
Mile Ho Tum - Reprise Version | Neha Kakkar | Tony Kakkar | Fever,Zee Music Company,27-07-2016,2016,Musical
Arcangel x Bad Bunny X Dj Luian X Mambo Kingz - Tu No Vive Asi [Video oficial],Hear This Music,02-10-2016,2016,Musical
Migos - Bad and Boujee ft Lil Uzi Vert [Official Video],Migos ATL,31-10-2016,2016,Musical
Zion & Lennox ft. J Balvin - Otra Vez (Video Oficial),Zion & Lennox,05-08-2016,2016,Musical
ZAYN - PILLOWTALK (Official Music Video),ZaynVEVO,29-01-2016,2016,Musical
La canción del baño | Canciones infantiles | LittleBabyBum,Little Baby Bum en Español,27-01-2016,2016,Non-Musical
Maluma - Sin Contrato (Official Video),MalumaVEVO,26-08-2016,2016,Musical
Enrique Iglesias - DUELE EL CORAZON ft. Wisin,EnriqueIglesiasVEVO,13-05-2016,2016,Musical
아기상어 체조 | Baby Shark Dance | 상어가족 체조 | 핑크퐁 체조 | 핑크퐁! 인기동요,핑크퐁 (인기 동요・동화),03-06-2016,2016,Non-Musical
Major Lazer - Cold Water (feat. Justin Bieber & MØ) (Official Lyric Video),Major Lazer Official,22-07-2016,2016,Musical
Luis Fonsi - Despacito ft. Daddy Yankee,LuisFonsiVEVO,13-01-2017,2017,Musical
Ed Sheeran - Shape of You (Official Music Video),Ed Sheeran,30-01-2017,2017,Musical
"J Balvin, Willy William - Mi Gente (Official Video)",jbalvinVEVO,30-06-2017,2017,Musical
Ed Sheeran - Perfect (Official Music Video),Ed Sheeran,09-11-2017,2017,Musical
Dua Lipa - New Rules (Official Music Video),Dua Lipa,07-07-2017,2017,Musical
Natti Natasha ❌ Ozuna - Criminal [Official Video],Natti Natasha,18-08-2017,2017,Musical
"Luis Fonsi, Demi Lovato - Échame La Culpa (Video Oficial)",LuisFonsiVEVO,17-11-2017,2017,Musical
Hush a Bye Baby | Lullaby for Babies | Infobells,infobells,16-09-2017,2017,Musical
"Becky G, Bad Bunny - Mayores (Official Video)",BeckyGVEVO,14-07-2017,2017,Musical
The Chainsmokers & Coldplay - Something Just Like This (Lyric),ChainsmokersVEVO,22-02-2017,2017,Musical
Imagine Dragons - Believer,ImagineDragonsVEVO,07-03-2017,2017,Musical
Bruno Mars - That’s What I Like (Official Music Video),Bruno Mars,02-03-2017,2017,Musical
UPA CAVALINHO - Galinha Pintadinha 4 - OFICIAL,Galinha Pintadinha,07-07-2017,2017,Musical
Camila Cabello - Havana (Audio) ft. Young Thug,CamilaCabelloVEVO,03-08-2017,2017,Musical
Baby Shark | CoComelon Nursery Rhymes & Kids Songs,Cocomelon - Nursery Rhymes,21-11-2017,2017,Non-Musical
Talking Angela - Summer Fun at the Beach with Talking Tom (Shorts Combo),Talking Angela,30-06-2017,2017,Musical
Maluma - Felices los 4 (Official Video),MalumaVEVO,21-04-2017,2017,Musical
Imagine Dragons - Thunder,ImagineDragonsVEVO,03-05-2017,2017,Musical
ZAYN - Dusk Till Dawn (Official Video) ft. Sia,ZaynVEVO,07-09-2017,2017,Musical
Piso 21 - Déjala Que Vuelva (feat. Manuel Turizo) [Video Oficial],Piso 21,20-10-2017,2017,Musical
MC Fioti - Bum Bum Tam Tam (KondZilla) | Official Music Video,Canal KondZilla,08-03-2017,2017,Musical
Jason Derulo - Swalla (feat. Nicki Minaj & Ty Dolla $ign) [Official Music Video],Jason Derulo,17-03-2017,2017,Musical
"DJ Khaled - I'm The One ft. Justin Bieber, Quavo, Chance the Rapper, Lil Wayne",DJKhaledVEVO,28-04-2017,2017,Musical
Maluma - Corazón (Official Video) ft. Nego do Borel,MalumaVEVO,08-12-2017,2017,Musical
Una Lady Como Tú - MTZ Manuel Turizo | Video Oficial,MTZ Manuel Turizo,16-03-2017,2017,Musical
Ozuna - Se Preparó (Video Oficial) | Odisea,Ozuna,10-08-2017,2017,Musical
"Carlos Vives, Sebastián Yatra - Robarte un Beso (Official Video)",CarlosVivesVEVO,28-07-2017,2017,Musical
Wisin - Escápate Conmigo (Official Video) ft. Ozuna,wisinofficalVEVO,31-03-2017,2017,Musical
El Amante - Nicky Jam (Video Oficial) (Álbum Fénix),NickyJamTV,16-01-2017,2017,Musical
Post Malone - Congratulations ft. Quavo,PostMaloneVEVO,23-01-2017,2017,Musical
"Enrique Iglesias - SUBEME LA RADIO (Official Video) ft. Descemer Bueno, Zion & Lennox",EnriqueIglesiasVEVO,24-02-2017,2017,Musical
Johny Johny Yes Papa Nursery Rhyme | Part 3 - 3D Animation Rhymes & Songs for Children,CVS 3D Rhymes & Kids Songs,26-01-2017,2017,Non-Musical
"""No No"" Bedtime Song | CoComelon Nursery Rhymes & Kids Songs",Cocomelon - Nursery Rhymes,12-07-2017,2017,Musical
BTS (방탄소년단) 'DNA' Official MV,HYBE LABELS,18-09-2017,2017,Musical
Sam Smith - Too Good At Goodbyes (Official Video),SamSmithVEVO,18-09-2017,2017,Musical
"Chris Jeday - Ahora Dice (Official Video) ft. J. Balvin, Ozuna, Arcángel",ChrisJedayVEVO,20-03-2017,2017,Musical
Charlie Puth - Attention [Official Video],Charlie Puth,24-04-2017,2017,Musical
Taylor Swift - Look What You Made Me Do,TaylorSwiftVEVO,28-08-2017,2017,Musical
French Montana - Unforgettable ft. Swae Lee,FrenchMontanaVEVO,14-04-2017,2017,Musical
Twinkle Twinkle Little Star | CoComelon Nursery Rhymes & Kids Songs,Cocomelon - Nursery Rhymes,06-12-2017,2017,Non-Musical
Johny Johny Si Papa | Johny yes Papa in Spanish | Canciones Infantiles,FAMA JAMA,28-06-2017,2017,Non-Musical
El Baile del Sapito - Las Canciones Dela Granja - Canciones infantiles dela granja,Cartoon Studio,11-05-2017,2017,Non-Musical
Katy Perry - Bon Appétit (Official) ft. Migos,KatyPerryVEVO,12-05-2017,2017,Musical
Lil Pump - Gucci Gang [Official Music Video],Lil pump,23-10-2017,2017,Musical
Christian Nodal - Adiós Amor (Video Oficial),ChristianNodalVEVO,13-01-2017,2017,Musical
Clean Bandit - Symphony (feat. Zara Larsson) [Official Video],Clean Bandit,17-03-2017,2017,Musical
Guru Randhawa: High Rated Gabru Official Song | DirectorGifty | Bhushan Kumar | T-Series,T-Series,04-07-2017,2017,Musical
Mausam Hua Garam | Hindi Rhymes for Children | Infobells,Infobells - Hindi,14-04-2017,2017,Musical
BLACKPINK - '마지막처럼 (AS IF IT'S YOUR LAST)' M/V,BLACKPINK,22-06-2017,2017,Musical
"DJ Khaled - Wild Thoughts (Official Video) ft. Rihanna, Bryson Tiller",DJKhaledVEVO,16-06-2017,2017,Musical
Shawn Mendes - There's Nothing Holdin' Me Back,ShawnMendesVEVO,21-06-2017,2017,Musical
Bebe Rexha - Meant to Be (feat. Florida Georgia Line) [Official Music Video],Bebe Rexha,23-10-2017,2017,Musical
Bath Song | CoComelon Nursery Rhymes & Kids Songs,Cocomelon - Nursery Rhymes,02-05-2018,2018,Non-Musical
Учим цвета-Разноцветные яйца на ферме Miroshka Tv,Мирошка ТВ,27-02-2018,2018,Non-Musical
El Chombo - Dame Tu Cosita feat. Cutty Ranks (Official Video) [Ultra Music],Ultra Music,05-04-2018,2018,Musical
Wheels on the Bus | CoComelon Nursery Rhymes & Kids Songs,Cocomelon - Nursery Rhymes,24-05-2018,2018,Non-Musical
Maroon 5 - Girls Like You ft. Cardi B (Official Music Video),Maroon5VEVO,31-05-2018,2018,Musical
Yes Yes Vegetables Song | CoComelon Nursery Rhymes & Kids Songs,Cocomelon - Nursery Rhymes,10-08-2018,2018,Non-Musical
Baa Baa Black Sheep | CoComelon Nursery Rhymes & Kids Songs,Cocomelon - Nursery Rhymes,25-06-2018,2018,Non-Musical
हम्प्टी ट्रैन और उसके फल दोस्तों से मिलिए | Humpty the train on a fruits ride | Kiddiestv Hindi,Kiddiestv Hindi,26-01-2018,2018,Non-Musical
लकड़ी की काठी | Lakdi ki kathi | Popular Hindi Children Songs | Animated Songs by JingleToons,Jingle Toons,14-06-2018,2018,Non-Musical
"Pedro Capó, Farruko - Calma (Remix - Official Video)",capoVEVO,05-10-2018,2018,Musical
"Casper, Nio García, Darell, Nicky Jam, Bad Bunny, Ozuna - Te Bote Remix (Video Oficial)",Flow La Movie,11-04-2018,2018,Musical
Baby Shark | Kids Songs and Nursery Rhymes | Animal Songs from Bounce Patrol,Bounce Patrol - Kids Songs,12-05-2018,2018,Non-Musical
"DJ Snake - Taki Taki ft. Selena Gomez, Ozuna, Cardi B (Official Music Video)",DJSnakeVEVO,10-10-2018,2018,Musical
Nicky Jam x J. Balvin - X (EQUIS) | Video Oficial | Prod. Afro Bros & Jeon,NickyJamTV,02-03-2018,2018,Musical
"Becky G, Natti Natasha - Sin Pijama (Official Video)",BeckyGVEVO,20-04-2018,2018,Musical
Daddy Yankee - Dura (Video Oficial),Daddy Yankee,18-01-2018,2018,Musical
Yes Yes Playground Song | CoComelon Nursery Rhymes & Kids Songs,Cocomelon - Nursery Rhymes,23-10-2018,2018,Non-Musical
BLACKPINK - ‘뚜두뚜두 (DDU-DU DDU-DU)’ M/V,BLACKPINK,15-06-2018,2018,Musical
Ozuna x Romeo Santos - El Farsante (Remix) (Video Oficial),Ozuna,30-01-2018,2018,Musical
Sick Song | CoComelon Nursery Rhymes & Kids Songs,Cocomelon - Nursery Rhymes,20-07-2018,2018,Non-Musical
"Post Malone, Swae Lee - Sunflower (Spider-Man: Into the Spider-Verse)",PostMaloneVEVO,18-10-2018,2018,Musical
Bath Song + More Nursery Rhymes & Kids Songs - CoComelon,Cocomelon - Nursery Rhymes,04-06-2018,2018,Non-Musical
Liova and superhero play sports and want to be strong with toy wheels,Liova and Toys,06-02-2018,2018,Non-Musical
Deck the Halls - Christmas Song for Kids | CoComelon Nursery Rhymes & Kids Songs,Cocomelon - Nursery Rhymes,11-12-2018,2018,Non-Musical
"Cardi B, Bad Bunny & J Balvin - I Like It [Official Music Video]",Cardi B,29-05-2018,2018,Musical
Yes Yes Vegetables Song + More Nursery Rhymes & Kids Songs - CoComelon,Cocomelon - Nursery Rhymes,07-09-2018,2018,Non-Musical
Wheels on the Bus + More Nursery Rhymes & Kids Songs - CoComelon,Cocomelon - Nursery Rhymes,28-06-2018,2018,Non-Musical
Drake - God's Plan,DrakeVEVO,17-02-2018,2018,Musical
"Laung Laachi Title Song Mannat Noor | Ammy Virk, Neeru Bajwa,Amberdeep | Latest Punjabi Movie 2018",T-Series Apna Punjab,21-02-2018,2018,Musical
Los Ángeles Azules - Nunca Es Suficiente ft. Natalia Lafourcade (Live),LosAngelesAzulesVEVO,20-04-2018,2018,Musical
"Thalia, Natti Natasha - No Me Acuerdo (Official Video)",ThaliaVEVO,01-06-2018,2018,Musical
BEBE - 6ix9ine Ft. Anuel AA (Prod. By Ronny J) (Official Music Video),Tekashi 6ix9ine,31-08-2018,2018,Musical
Esmanın Sihirli İçecekleri,Family GamesTV,17-03-2018,2018,Non-Musical
أغنية هالصيصان شو حلوين 2018,Katakit Baby TV,05-01-2018,2018,Non-Musical
"Billie Eilish, Khalid - lovely",BillieEilishVEVO,26-04-2018,2018,Musical
Diana and her Barbie car - Camping adventure,✿ Kids Diana Show,03-10-2018,2018,Non-Musical
Prenses Esmanın Sihirli Balonları,Family GamesTV,03-08-2018,2018,Non-Musical
BAD BUNNY x DRAKE - MÍA (Video Oficial),Bad Bunny,11-10-2018,2018,Musical
Tyga - Taste (Official Video) ft. Offset,TygaVEVO,16-05-2018,2018,Musical
Old MacDonald | CoComelon Nursery Rhymes & Kids Songs,Cocomelon - Nursery Rhymes,18-04-2018,2018,Non-Musical
Learn colors with Balloons ! Kids and daddy have fun playtime with color song !,Ya - Alisa,22-01-2018,2018,Non-Musical
"Alex Rose ft. Cazzu, Lenny Tavarez, Lyanno & Rauw Alejandro - Toda (Remix) [Video Oficial]",Alex Rose,01-06-2018,2018,Musical
"Lady Gaga, Bradley Cooper - Shallow (from A Star Is Born) (Official Music Video)",LadyGagaVEVO,27-09-2018,2018,Musical
Yes Yes Bedtime Song | CoComelon Nursery Rhymes & Kids Songs,Cocomelon - Nursery Rhymes,18-09-2018,2018,Non-Musical
XXXTENTACION - SAD!,XXXTENTACION,02-03-2018,2018,Musical
"SIMMBA: Aankh Marey Lyrical | Ranveer Singh, Sara Ali Khan | Tanishk Bagchi, Mika Singh,Neha,Kumar S",T-Series,11-12-2018,2018,Musical
"DILBAR Lyrical | Satyameva Jayate |John Abraham, Nora Fatehi,Tanishk B, Neha Kakkar,Dhvani, Ikka",T-Series,09-07-2018,2018,Musical
Balloon Boat Race | CoComelon Nursery Rhymes & Kids Songs,Cocomelon - Nursery Rhymes,13-03-2018,2018,Non-Musical
Ariana Grande - no tears left to cry (Official Video),ArianaGrandeVevo,20-04-2018,2018,Musical
Halloween Baby Shark | Kids Songs and Nursery Rhymes | Halloween Songs from Bounce Patrol,Bounce Patrol - Kids Songs,13-10-2018,2018,Non-Musical
Vaina Loca - Ozuna x Manuel Turizo (Video Oficial),Ozuna,28-06-2018,2018,Musical
Swimming Song + More Nursery Rhymes & Kids Songs - CoComelon,Cocomelon - Nursery Rhymes,26-10-2018,2018,Non-Musical
"Crushing Crunchy & Soft Things by Car! - Floral Foam, Squishy, Tide Pods and More!",HelloMaphie,11-11-2018,2018,Non-Musical
Daddy Yankee & Snow - Con Calma (Video Oficial),Daddy Yankee,24-01-2019,2019,Musical
"ROSALÍA, J Balvin - Con Altura (Official Video) ft. El Guincho",RosaliaVEVO,28-03-2019,2019,Musical
"Jhay Cortez, J. Balvin, Bad Bunny - No Me Conoce (Remix)",JhayCortezVEVO,17-05-2019,2019,Musical
Beach Song + More Nursery Rhymes & Kids Songs - CoComelon,Cocomelon - Nursery Rhymes,02-08-2019,2019,Non-Musical
CHOTU KE GOLGAPPE | छोटू के गोलगप्पे | Khandesh Hindi Comedy | Chotu Comedy Video,KHANDESHI MOVIES,27-01-2019,2019,Non-Musical
BLACKPINK - 'Kill This Love' M/V,BLACKPINK,04-04-2019,2019,Musical
Diana - LIKE IT - Kids Song (Official Video),✿ Kids Diana Show,18-01-2019,2019,Musical
BTS (방탄소년단) '작은 것들을 위한 시 (Boy With Luv) (feat. Halsey)' Official MV,HYBE LABELS,12-04-2019,2019,Musical
"Shawn Mendes, Camila Cabello - Señorita",ShawnMendesVEVO,21-06-2019,2019,Musical
"Vaaste Song: Dhvani Bhanushali, Tanishk Bagchi | Nikhil D | Bhushan Kumar | Radhika Rao, Vinay Sapru",T-Series,06-04-2019,2019,Musical
"Maari 2 - Rowdy Baby (Video Song) | Dhanush, Sai Pallavi | Yuvan Shankar Raja | Balaji Mohan",Wunderbar Studios,02-01-2019,2019,Musical
"Anuel AA, KAROL G - Secreto",AnuelVEVO,15-01-2019,2019,Musical
Billie Eilish - bad guy,BillieEilishVEVO,29-03-2019,2019,Musical
The Boo Boo Song | CoComelon Nursery Rhymes & Kids Songs,Cocomelon - Nursery Rhymes,09-04-2019,2019,Non-Musical
Ariana Grande - 7 rings (Official Video),ArianaGrandeVevo,18-01-2019,2019,Musical
Future - Life is good (Official Music Video) ft Drake,Future,09-01-2020,2020,Musical
BTS 'Dynamite' Official MV,HYBE LABELS,20-08-2020,2020,Musical
52 Gaj Ka Daman,Desi Records,01-10-2020,2020,Musical
